 CodigoAccion,CodigoResultado,IdCliente(Numero  Unico  ) 
 ABOG,DOCTO,763474 
 ABOG,LOCTRA,5077808 
 ABOG,LOCTR,5077808 
 ABOG,LOSBT,101880 
 ABOG,DOCTO,1297714 
 ABOG,PRO,910093 
 ABOG,DOCTO,3229693 
 ABOG,DOPRO,3229693 
 ABOG,PRO,2000834 
 ABOG,FORAN,490759 
 ABOG,ACP,5224605 
 ABOG,DOCTO,5386667 
 ABOG,LOSBT,2235066 
 ABOG,DOCTO,5294371 
 ABOG,LOSBT,3232926 
 ABOG,DOCTO,5076780 
 ABOG,DOCTO,5279412 
 ABOG,DOCTO,2046162 
 ABOG,LOSBT,2236082 
 ABOG,LOSBT,1180489 
 ABOG,DMD,663357 
 ABOG,SDPDM,663357 
 ABOG,DLSBT,5382828 
 ABOG,DOCTO,5338787 
 ABOG,LOSBT,5401483 
 ABOG,LOSBT,5401483 
 ABOG,LOCTR,5207278 
 ABOG,LOSBT,3224665 
 ABOG,LOCTR,345334 
 ABOG,DMD,681676 
 ABOG,DOCTO,436380 
 ABOG,DMD,5336958 
 ABOG,LOCTR,1221685 
 ABOG,PRO,1222939 
 ABOG,DMD,2073010 
 ABOG,FORAN,2022037 
 ABOG,DMD,1033619 
 ABOG,DMD,1033619 
 ABOG,LOCTR,5309027 
 ABOG,DMPRO,5241832 
 ABOG,LOCTR,886376 
 ABOG,LOCTR,5083316 
 ABOG,DOCTO,5036169 
 ABOG,DOCTO,5036169 
 ABOG,DOCTO,478752 
 ABOG,DOCTO,478752 
 ABOG,DOCTO,478752 
 ABOG,DMD,3247536 
 ABOG,DMD,3247536 
 ABOG,DMPRO,1021653 
 ABOG,PRO,972442 
 ABOG,DOCTO,1416512 
 ABOG,DOCTO,1416512 
 ABOG,CADES,1220680 
 ABOG,DOCTO,1308278 
 ABOG,PRO,2213562 
 ABOG,LOCTR,2181918 
 ABOG,DOCTO,1174071 
 ABOG,DMD,5068110 
 ABOG,PRO,1153940 
 ABOG,LOCTR,5323370 
 ABOG,PRO,432913 
 ABOG,DMPRO,1188416 
 ABOG,DMPRO,1188416 
 ABOG,DMPRO,1188416 
 ABOG,LOCTR,2271643 
 ABOG,LDD,480605 
 ABOG,DOCTO,1200001 
 ABOG,ILOSB,2106967 
 ABOG,DMD,2089552 
 ABOG,DOCTO,1389464 
 ABOG,DISBT,2315881 
 ABOG,DMD,1431218 
 ABOG,DOCTO,1375994 
 ABOG,ILST,1375994 
 ABOG,ILSBT,378845 
 ABOG,ILSBT,2073595 
 ABOG,ILSBT,2073595 
 ABOG,ILSBT,5348387 
 ABOG,ILSBT,248047 
 ABOG,ILSBT,531500 
 ABOG,ILSBT,2104693 
 ABOG,ILSBT,5337322 
 ABOG,DMD,3242145 
 ABOG,DMD,3242145 
 ABOG,ILSBT,1036898 
 ABOG,ILSBT,2059147 
 ABOG,ILSBT,3232206 
 ABOG,SDPDM,1368282 
 ABOG,ILSBT,1244766 
 ABOG,ILSBT,1244766 
 ABOG,DISBT,2228904 
 ABOG,ILSBT,856697 
 ABOG,ILST,5381482 
 ABOG,DMD,1356613 
 ABOG,JUBIL,5364330 
 ABOG,JUBIL,5364330 
 ABOG,PDMD,663089 
 ABOG,DISBT,802413 
 ABOG,PRO,1285066 
 ABOG,CFP,413194 
 ABOG,DOCTO,1370925 
 ABOG,ILSBT,3246488 
 ABOG,DISBT,250646 
 ABOG,ILCT,365325 
 ABOG,PRO,677671 
 ABOG,ILCT,546463 
 ABOG,ILCT,253326 
 ABOG,ILCT,679832 
 ABOG,ILCT,282126 
 ABOG,JUBIL,1274539 
 ABOG,ILCT,2053960 
 ABOG,ILCT,2120263 
 ABOG,ILCT,2120263 
 ABOG,ILCT,478289 
 ABOG,ILCT,1393395 
 ABOG,ILCT,1393395 
 ABOG,ILCT,321145 
 ABOG,ILCT,1308279 
 ABOG,ILCT,2096139 
 ABOG,PRO,2206751 
 ABOG,ILCT,622694 
 ABOG,ILCT,1288978 
 ABOG,DISBT,3224338 
 ABOG,DISBT,1199626 
 ABOG,ILCT,5291375 
 ABOG,DOCTO,2050268 
 ABOG,DMD,5022982 
 ABOG,DOCTO,5022982 
 ABOG,DMD,5022982 
 ABOG,DMD,1136483 
 ABOG,DMD,1144356 
 ABOG,DISBT,709226 
 ABOG,LOSBT,497095 
 ABOG,LOSB,589857 
 ABOG,DMD,5065127 
 ABOG,LOSBT,1382669 
 ABOG,ILSBT,449585 
 ABOG,DMD,317667 
 ABOG,DMCFP,1112764 
 ABOG,DLSBT,850673 
 ABOG,DLSBT,850673 
 ABOG,PRO,1295366 
 ABOG,DMPRO,906406 
 ABOG,DLSBT,5029271 
 ABOG,SALBA,842746 
 ABOG,DMD,1270280 
 ABOG,DMD,344967 
 ABOG,DOCTO,238347 
 ABOG,LOSBT,252480 
 ABOG,PRO,208788 
 ABOG,LOCTR,2163087 
 ABOG,DOPRO,387171 
 ABOG,PRO,5346155 
 ABOG,DMPRO,903890 
 ABOG,PRO,1281072 
 ABOG,PRO,1281072 
 ABOG,PRO,984818 
 ABOG,PRO,1268829 
 ABOG,PRO,5083187 
 ABOG,PRO,5083187 
 ABOG,CADES,338536 
 ABOG,CADES,338536 
 ABOG,PRO,1481842 
 ABOG,PRO,1481842 
 ABOG,DOCTO,1216071 
 ABOG,DOCTO,1216071 
 ABOG,CADES,2131702 
 ABOG,ILCT,2320081 
 ABOG,PRO,1275719 
 ABOG,DISBT,1231772 
 ABOG,CADES,5082376 
 ABOG,PRO,610732 
 ABOG,PRO,1307027 
 ABOG,DOCTO,516936 
 ABOG,ILOSB,3230655 
 ABOG,CADES,5349846 
 ABOG,ILCT,1247533 
 ABOG,ILCT,1247533 
 ABOG,ILST,1170222 
 ABOG,DOCTO,2204278 
 ABOG,ILCT,5033708 
 ABOG,DMD,1015937 
 ABOG,ACP,780982 
 ABOG,ACP,780982 
 ABOG,PRO,1099558 
 ABOG,DMPRO,463661 
 ABOG,DOCTO,1256176 
 ABOG,ILSBT,5363024 
 ABOG,DOCTO,613363 
 ABOG,DOCTO,613363 
 ABOG,ILST,1172345 
 ABOG,DOCTO,1019069 
 ABOG,DOCTO,5002656 
 ABOG,DMPRO,2271054 
 ABOG,DMD,1485420 
 ABOG,DMD,1485420 
 ABOG,DMD,2049753 
 ABOG,DMD,2049753 
 ABOG,DMD,781310 
 ABOG,DMD,5270415 
 ABOG,DMD,5270415 
 ABOG,PRO,288458 
 ABOG,DMPRO,1297502 
 ABOG,PRO,5050560 
 ABOG,DMD,2219027 
 ABOG,PRO,5318763 
 ABOG,DMD,457911 
 ABOG,ILSBT,795895 
 ABOG,DOCTO,1156507 
 ABOG,ILCT,1235022 
 ABOG,ILCT,1235022 
 ABOG,CADES,2617029 
 ABOG,LDD,1105540 
 ABOG,LDD,1164619 
 ABOG,ILCT,350444 
 ABOG,ILCT,906337 
 ABOG,ILCT,3242643 
 ABOG,CADES,5379440 
 ABOG,ILCT,2799399 
 ABOG,ILCT,774608 
 ABOG,ILCT,1467271 
 ABOG,ILCT,2491700 
 ABOG,ILCT,5353754 
 ABOG,LOCTR,603191 
 ABOG,PRO,750960 
 ABOG,LDD,2326981 
 ABOG,ILCT,1230223 
 ABOG,ILCT,5071070 
 ABOG,LOSB,1251264 
 ABOG,ILCT,188858 
 ABOG,ILCT,1141692 
 ABOG,ILOSB,2133390 
 ABOG,ILOSB,2029972 
 ABOG,LOSBT,1283702 
 ABOG,DOCTO,705789 
 ABOG,DOCTO,705789 
 ABOG,LOSBT,438602 
 ABOG,ILSBT,2819663 
 ABOG,LOSBT,2245002 
 ABOG,LOSBT,1194917 
 ABOG,LOSBT,1302835 
 ABOG,LOSBT,1302835 
 ABOG,DOCTO,1164793 
 ABOG,DOCTO,1164793 
 ABOG,LOSBT,2041337 
 ABOG,ILSBT,5247015 
 ABOG,DOCTO,1254143 
 ABOG,DMD,1049272 
 ABOG,DMPRO,5337508 
 ABOG,LDD,840819 
 ABOG,ACP,2313110 
 ABOG,DMPRO,2254204 
 ABOG,DMPRO,1251264 
 ABOG,ACP,1393460 
 ABOG,DOPRO,716924 
 ABOG,DOCTO,2237528 
 ABOG,DMPRO,5043968 
 ABOG,DMCFP,5210838 
 ABOG,CADES,2327513 
 ABOG,LOCTR,1164619 
 ABOG,DMD,166082 
 ABOG,DOCTO,286414 
 ABOG,ILSBT,1513483 
 ABOG,ACP,682968 
 ABOG,LOCTR,5049642 
 ABOG,DOCTO,3222936 
 ABOG,DISBT,190346 
 ABOG,DOCTO,3219653 
 ABOG,DMD,550822 
 ABOG,DOCTO,5032594 
 ABOG,ILCT,976633 
 ABOG,ILCT,204200 
 ABOG,DMD,509169 
 ABOG,PRO,5257064 
 ABOG,DMD,1594051 
 ABOG,DOCTO,1386894 
 ABOG,ILCT,1212698 
 ABOG,ILCT,2753833 
 ABOG,DMPRO,1041711 
 ABOG,LOCTR,2326981 
 ABOG,ACP,1125195 
 ABOG,ILCT,5308971 
 ABOG,ILSBT,2144220 
 ABOG,ACP,1008563 
 ABOG,DMD,91608 
 ABOG,DOCTO,2120737 
 ABOG,DOCTO,417519 
 ABOG,DOCTO,5082975 
 ABOG,DMINB,722552 
 ABOG,DMD,1035016 
 ABOG,DLSBT,1283702 
 ABOG,DMD,705789 
 ABOG,LOSBT,438602 
 ABOG,DISBT,2819663 
 ABOG,DMD,5246725 
 ABOG,DMD,5246725 
 ABOG,DMD,5246725 
 ABOG,DISBT,2245002 
 ABOG,DISBT,2245002 
 ABOG,DISBT,5248886 
 ABOG,LOSBT,2712651 
 ABOG,DMD,708654 
 ABOG,DOCTO,5048959 
 ABOG,DLSBT,1194917 
 ABOG,DLSBT,1302835 
 ABOG,SDPDM,1152451 
 ABOG,DMD,5412612 
 ABOG,DMD,5247219 
 ABOG,DMD,5247219 
 ABOG,LOST,5247219 
 ABOG,SDPDM,5247219 
 ABOG,SDPDM,2279178 
 ABOG,ILSBT,2279178 
 ABOG,DLSBT,1087937 
 ABOG,DLSBT,1087937 
 ABOG,SDPDM,1164793 
 ABOG,DMD,728682 
 ABOG,DOCTO,551088 
 ABOG,DMD,2271123 
 ABOG,DOCTO,5404699 
 ABOG,DLSBT,1457195 
 ABOG,DMCFP,1067229 
 ABOG,DISBT,2161001 
 ABOG,DISBT,2161001 
 ABOG,DLSBT,2041337 
 ABOG,DISBT,5247015 
 ABOG,ILSBT,5246565 
 ABOG,DISBT,2163370 
 ABOG,LOSBT,2163370 
 ABOG,DISBT,2163370 
 ABOG,DISBT,2163370 
 ABOG,ILSBT,3225029 
 ABOG,DISBT,2442338 
 ABOG,CFP,1143122 
 ABOG,DOCTO,2410418 
 ABOG,DMDEP,240848 
 ABOG,DOCTO,2050256 
 ABOG,DMD,2050256 
 ABOG,DOCTO,1597849 
 ABOG,DMD,1254143 
 ABOG,DMD,1049272 
 ABOG,DMD,1049272 
 ABOG,ILCT,1280296 
 ABOG,DISBT,1070292 
 ABOG,ILCT,405841 
 ABOG,DLSBT,460351 
 ABOG,ILCT,1376730 
 ABOG,DMINB,844648 
 ABOG,ILSBT,1150662 
 ABOG,DMD,188858 
 ABOG,JUBIL,1390253 
 ABOG,ACP,2625206 
 ABOG,DMINB,1109411 
 ABOG,ILCT,1141692 
 ABOG,ILOSB,2133390 
 ABOG,ILOSB,2124559 
 ABOG,ILCT,1228204 
 ABOG,ILOSB,2029972 
 ABOG,DMINB,1089584 
 ABOG,DMD,963877 
 ABOG,ILCT,5372347 
 ABOG,DMD,242342 
 ABOG,DMINB,904647 
 ABOG,DMINB,715027 
 ABOG,DMD,1266599 
 ABOG,ILCT,2327520 
 ABOG,FORAN,5336065 
 ABOG,DISBT,5235374 
 ABOG,ILOSB,2146342 
 ABOG,ILOSB,1273220 
 ABOG,ILCT,5421037 
 ABOG,DISBT,811474 
 ABOG,ILOSB,2085816 
 ABOG,ILOSB,1261582 
 ABOG,ILOSB,1221884 
 ABOG,ACP,901636 
 ABOG,ILOSB,2310993 
 ABOG,DMD,427611 
 ABOG,ILOSB,5337617 
 ABOG,DMD,508636 
 ABOG,DISBT,1199811 
 ABOG,ILSBT,389645 
 ABOG,ILSBT,5383538 
 ABOG,DOCTO,2104172 
 ABOG,ILSBT,5357386 
 ABOG,DMINB,247375 
 ABOG,ILCT,654516 
 ABOG,DMD,754846 
 ABOG,DMPRO,5239530 
 ABOG,ACP,1017340 
 ABOG,DMPRO,5063051 
 ABOG,PRO,910093 
 ABOG,DLSBT,1116230 
 ABOG,LOSBT,2236082 
 ABOG,DOCTO,855710 
 ABOG,LOCTR,5336958 
 ABOG,LOCTR,5336958 
 ABOG,DMPRO,5344646 
 ABOG,DMINB,632194 
 ABOG,DOCTO,1139739 
 ABOG,ACP,2684327 
 ABOG,DOPRO,633524 
 ABOG,DMD,429139 
 ABOG,DMPRO,1153940 
 ABOG,SDPDM,5287853 
 ABOG,DOCTO,1200001 
 ABOG,ILSBT,531500 
 ABOG,ILSBT,1036898 
 ABOG,PRO,663089 
 ABOG,ILCT,365325 
 ABOG,DMD,5022982 
 ABOG,DMCFP,1028316 
 ABOG,DMD,462899 
 ABOG,DMD,1136483 
 ABOG,DMD,1457009 
 ABOG,DMD,2148932 
 ABOG,ILSBT,5331425 
 ABOG,DMD,1100220 
 ABOG,DMD,1144356 
 ABOG,DISBT,709226 
 ABOG,DMD,733749 
 ABOG,DMD,338588 
 ABOG,DMD,589857 
 ABOG,DMD,1272520 
 ABOG,CFA,705219 
 ABOG,DMD,3254141 
 ABOG,DMD,1013049 
 ABOG,DMD,1207858 
 ABOG,PRO,5325884 
 ABOG,CADES,5366902 
 ABOG,DMD,252639 
 ABOG,DMINB,276961 
 ABOG,DMD,1054221 
 ABOG,DMPRO,2053919 
 ABOG,DMPRO,2053919 
 ABOG,DMD,378349 
 ABOG,DMD,403005 
 ABOG,DMD,403005 
 ABOG,DMCFP,1112764 
 ABOG,DMD,209503 
 ABOG,DMD,3219314 
 ABOG,DMD,5340520 
 ABOG,DMD,794075 
 ABOG,DLSBT,850673 
 ABOG,DMINB,190410 
 ABOG,DMD,352035 
 ABOG,DMD,769945 
 ABOG,DMD,5305094 
 ABOG,DMPRO,906406 
 ABOG,DMD,458716 
 ABOG,DMD,5231997 
 ABOG,DMPRO,5054101 
 ABOG,LOCTR,997843 
 ABOG,DMD,2195598 
 ABOG,DLSBT,5029271 
 ABOG,DMD,842746 
 ABOG,DMD,1228949 
 ABOG,DMD,170344 
 ABOG,DMD,1356421 
 ABOG,DMPRO,387171 
 ABOG,DMPRO,1216071 
 ABOG,DMPRO,295300 
 ABOG,DMPRO,494247 
 ABOG,DMPRO,613853 
 ABOG,DMPRO,610732 
 ABOG,DMPRO,455803 
 ABOG,DMPRO,1211592 
 ABOG,ACP,780982 
 ABOG,ILST,1172345 
 ABOG,DOCTO,1019069 
 ABOG,DOCTO,5080808 
 ABOG,DOCTO,318980 
 ABOG,DOCTO,318980 
 ABOG,ACP,1003277 
 ABOG,ILCT,3213145 
 ABOG,ILST,1461671 
 ABOG,ILST,1461671 
 ABOG,ILST,238276 
 ABOG,ILST,238276 
 ABOG,DMPRO,1305129 
 ABOG,CAN,1305129 
 ABOG,ILST,1034908 
 ABOG,PRO,5267138 
 ABOG,PRO,5267138 
 ABOG,DMD,1190405 
 ABOG,DMD,1190405 
 ABOG,DISBT,1063640 
 ABOG,DMD,531199 
 ABOG,ILST,531199 
 ABOG,DMD,1512614 
 ABOG,DMD,1512614 
 ABOG,DMD,1512614 
 ABOG,CAN,1015798 
 ABOG,DOCTO,917457 
 ABOG,DOCTO,917457 
 ABOG,DMD,616828 
 ABOG,DMPRO,5384891 
 ABOG,DOCTO,1008242 
 ABOG,DOCTO,245768 
 ABOG,DOCTO,245768 
 ABOG,ILST,1360460 
 ABOG,ILST,1084745 
 ABOG,ILSBT,215575 
 ABOG,DISBT,215575 
 ABOG,ILCT,3210204 
 ABOG,DOCTO,742377 
 ABOG,ILST,2203781 
 ABOG,ILST,2203781 
 ABOG,DOPRO,5376870 
 ABOG,ILST,5064817 
 ABOG,ILST,5064817 
 ABOG,DOCTO,5304952 
 ABOG,DOCTO,5379340 
 ABOG,ILST,5345588 
 ABOG,ILST,5345588 
 ABOG,ILST,389789 
 ABOG,DISBT,5297484 
 ABOG,DISBT,5297484 
 ABOG,ILST,85426 
 ABOG,ILST,85426 
 ABOG,ILST,85426 
 ABOG,ILST,535323 
 ABOG,ILST,535323 
 ABOG,LOST,5070515 
 ABOG,ILST,1419456 
 ABOG,ILST,382117 
 ABOG,ILST,999510 
 ABOG,DOCTO,1548247 
 ABOG,LOST,1256775 
 ABOG,ACP,5377327 
 ABOG,ACP,5377327 
 ABOG,DMPRO,5377327 
 ABOG,CFP,2276307 
 ABOG,DMD,2386707 
 ABOG,DMD,2386707 
 ABOG,PRO,1002811 
 ABOG,ACP,1066841 
 ABOG,LOCTR,1381927 
 ABOG,CFP,2321298 
 ABOG,LOCTR,196810 
 ABOG,LOCTR,2119797 
 ABOG,DMPRO,2194124 
 ABOG,DMPRO,1115922 
 ABOG,PRO,225226 
 ABOG,PRO,1192164 
 ABOG,PRO,1192164 
 ABOG,CFP,5388452 
 ABOG,CFP,5388452 
 ABOG,CFA,5074675 
 ABOG,CFP,5409747 
 ABOG,DMD,492434 
 ABOG,LOST,1242722 
 ABOG,CFP,5048960 
 ABOG,CFP,5048960 
 ABOG,ACP,5373134 
 ABOG,ACP,5373134 
 ABOG,DOCTO,5025312 
 ABOG,DOCTO,5025312 
 ABOG,ACP,2035411 
 ABOG,ACP,2035411 
 ABOG,DMD,176487 
 ABOG,CFP,558689 
 ABOG,CFP,1511920 
 ABOG,CFP,1511920 
 ABOG,DOCTO,2338504 
 ABOG,DMD,5067625 
 ABOG,DMD,5067625 
 ABOG,LOCTR,3216844 
 ABOG,DMD,183274 
 ABOG,DMD,183274 
 ABOG,DMPRO,2025304 
 ABOG,DMD,1292642 
 ABOG,LOCTR,2151700 
 ABOG,DMD,5339945 
 ABOG,ACP,1305884 
 ABOG,ACP,1305884 
 ABOG,LOCTR,1236956 
 ABOG,LOCTR,1088269 
 ABOG,LOCTR,2138588 
 ABOG,LOCTR,2138588 
 ABOG,ACP,1305700 
 ABOG,DOPRO,1116380 
 ABOG,LDD,5403887 
 ABOG,ACP,1357465 
 ABOG,LOCTR,5267084 
 ABOG,LOCTR,5267084 
 ABOG,ACP,205938 
 ABOG,DMPRO,205938 
 ABOG,DMD,320123 
 ABOG,DMPRO,623407 
 ABOG,ACP,257946 
 ABOG,ACP,257946 
 ABOG,DMPRO,257946 
 ABOG,DOCTO,5352250 
 ABOG,LOCTR,2691403 
 ABOG,DOCTO,1020444 
 ABOG,DMD,495929 
 ABOG,DMD,495929 
 ABOG,DMPRO,719059 
 ABOG,DMD,399680 
 ABOG,LDD,829026 
 ABOG,DMD,2177576 
 ABOG,ILST,1165960 
 ABOG,DMD,1007176 
 ABOG,DOCTO,5378409 
 ABOG,DOPRO,261452 
 ABOG,ILST,5381362 
 ABOG,DMPRO,286310 
 ABOG,DOCTO,2110996 
 ABOG,DISBT,241448 
 ABOG,ILST,439594 
 ABOG,DOCTO,5398363 
 ABOG,DISBT,1041428 
 ABOG,DOCTO,1157019 
 ABOG,DMD,5216103 
 ABOG,DOCTO,1536154 
 ABOG,ILST,135327 
 ABOG,ILST,5408954 
 ABOG,DMD,5044042 
 ABOG,LOST,174110 
 ABOG,LOST,2169196 
 ABOG,ILST,5200906 
 ABOG,ILST,1037985 
 ABOG,DOPRO,604890 
 ABOG,DMD,1155011 
 ABOG,DOCTO,441551 
 ABOG,DMD,628580 
 ABOG,DMD,628580 
 ABOG,DMD,1361794 
 ABOG,DMD,2196206 
 ABOG,DMD,335790 
 ABOG,DISBT,168520 
 ABOG,CADES,829026 
 ABOG,SDPDM,2177576 
 ABOG,ILST,1165960 
 ABOG,DMPRO,2069977 
 ABOG,DMD,667932 
 ABOG,ILST,2234811 
 ABOG,ILST,2234811 
 ABOG,CADES,791625 
 ABOG,DISBT,474703 
 ABOG,DISBT,474703 
 ABOG,LDD,2095985 
 ABOG,DOCTO,1241597 
 ABOG,DMPRO,583915 
 ABOG,DMD,2315023 
 ABOG,ILCT,992459 
 ABOG,DMPRO,761049 
 ABOG,DMPRO,761049 
 ABOG,DMPRO,761049 
 ABOG,DMPRO,761049 
 ABOG,DMPRO,1007176 
 ABOG,DMPRO,5392337 
 ABOG,DMD,1110437 
 ABOG,DMD,2021500 
 ABOG,CADES,1098156 
 ABOG,DOCTO,5378409 
 ABOG,DOCTO,5378409 
 ABOG,DMPRO,1243686 
 ABOG,DMD,1243686 
 ABOG,ILST,2124697 
 ABOG,ILST,2124697 
 ABOG,DOCTO,828865 
 ABOG,DOCTO,828865 
 ABOG,DOCTO,206175 
 ABOG,DOCTO,206175 
 ABOG,LOSBT,5314990 
 ABOG,DLSBT,5314990 
 ABOG,DOCTO,2102449 
 ABOG,DOCTO,2102449 
 ABOG,DMPRO,1538502 
 ABOG,DMD,2095867 
 ABOG,DMD,2095867 
 ABOG,ILST,5381362 
 ABOG,ILST,5381362 
 ABOG,DMPRO,5298255 
 ABOG,PRO,1563379 
 ABOG,DOCTO,1249578 
 ABOG,DOCTO,2110996 
 ABOG,DOCTO,2110996 
 ABOG,DISBT,5304962 
 ABOG,DMD,5304962 
 ABOG,DMINB,1149076 
 ABOG,DOCTO,1149076 
 ABOG,DMD,281409 
 ABOG,DMD,281409 
 ABOG,DMD,1276907 
 ABOG,DMD,1276907 
 ABOG,ILCT,5369042 
 ABOG,PRO,5331936 
 ABOG,DISBT,1093185 
 ABOG,DISBT,1093185 
 ABOG,FORAN,2166705 
 ABOG,FORAN,2166705 
 ABOG,DOPRO,360246 
 ABOG,DOCTO,2071194 
 ABOG,ILSBT,241448 
 ABOG,DMD,5355212 
 ABOG,DLSBT,1159085 
 ABOG,DLSBT,1159085 
 ABOG,DMD,1048255 
 ABOG,DMD,249941 
 ABOG,DMPRO,5388829 
 ABOG,ILST,439594 
 ABOG,DMD,2238193 
 ABOG,DOPRO,5398363 
 ABOG,DLSBT,1490105 
 ABOG,ILST,1041428 
 ABOG,ILST,1041428 
 ABOG,ILST,1041428 
 ABOG,DMD,275208 
 ABOG,DMD,1157019 
 ABOG,DMD,1157019 
 ABOG,DISBT,1011975 
 ABOG,DMD,1211744 
 ABOG,DMD,1211744 
 ABOG,DMD,996457 
 ABOG,DOCTO,996457 
 ABOG,DMPRO,647469 
 ABOG,DMINB,1293727 
 ABOG,DMD,1067859 
 ABOG,DMPRO,1299513 
 ABOG,DMD,494521 
 ABOG,DMD,494521 
 ABOG,DOCTO,1536154 
 ABOG,DOCTO,1536154 
 ABOG,ILST,135327 
 ABOG,DMD,599816 
 ABOG,DMPRO,5321795 
 ABOG,DMD,2444208 
 ABOG,CADES,1202977 
 ABOG,DMD,1557047 
 ABOG,DMD,1559376 
 ABOG,DMD,2142047 
 ABOG,DMD,5011694 
 ABOG,ILST,5408954 
 ABOG,LOST,174110 
 ABOG,LOST,2169196 
 ABOG,LOST,2169196 
 ABOG,DMPRO,5208371 
 ABOG,DMD,670857 
 ABOG,DMD,2093890 
 ABOG,DMD,1072683 
 ABOG,DMD,729401 
 ABOG,DMD,729401 
 ABOG,LOST,5305450 
 ABOG,ILST,5200906 
 ABOG,DMPRO,2238419 
 ABOG,ILST,401901 
 ABOG,ILST,401901 
 ABOG,ILST,401901 
 ABOG,DOCTO,472480 
 ABOG,DOCTO,472480 
 ABOG,DMPRO,420662 
 ABOG,ILST,1037985 
 ABOG,DMD,1309291 
 ABOG,DMPRO,295970 
 ABOG,DMD,1045400 
 ABOG,DMPRO,604890 
 ABOG,DISBT,1188619 
 ABOG,DMD,5307627 
 ABOG,DOPRO,5271153 
 ABOG,LOST,1578066 
 ABOG,DOCTO,1363377 
 ABOG,DMD,1155011 
 ABOG,DMD,441551 
 ABOG,DMD,441551 
 ABOG,DMD,2097940 
 ABOG,CADES,187519 
 ABOG,DMD,175963 
 ABOG,DMPRO,1083483 
 ABOG,DOPRO,1298062 
 ABOG,DMPRO,188903 
 ABOG,DOCTO,734153 
 ABOG,DOPRO,5215493 
 ABOG,DOCTO,1474431 
 ABOG,DMPRO,1164869 
 ABOG,DMPRO,5200461 
 ABOG,DMPRO,5200461 
 ABOG,DMD,1026050 
 ABOG,LOST,2155063 
 ABOG,DMD,1596307 
 ABOG,DMD,2084089 
 ABOG,DMPRO,5362062 
 ABOG,DMPRO,975846 
 ABOG,DMPRO,3100357 
 ABOG,DMPRO,2131867 
 ABOG,CADES,1125523 
 ABOG,DMPRO,5338269 
 ABOG,DOPRO,1120485 
 ABOG,PRO,5322617 
 ABOG,DLSBT,2065914 
 ABOG,DLSBT,2065914 
 ABOG,DMD,5356554 
 ABOG,DMD,5356554 
 ABOG,DMD,1137867 
 ABOG,DOCTO,472207 
 ABOG,DMD,472207 
 ABOG,DMPRO,405365 
 ABOG,PRO,790041 
 ABOG,DMD,1287013 
 ABOG,DMPRO,5061792 
 ABOG,DMPRO,5061792 
 ABOG,DMD,5061792 
 ABOG,DMD,983818 
 ABOG,DMD,2025162 
 ABOG,DMD,5316143 
 ABOG,DMD,458933 
 ABOG,DMD,5221720 
 ABOG,DOCTO,5221720 
 ABOG,CADES,321098 
 ABOG,DMD,1309100 
 ABOG,DISBT,671516 
 ABOG,DMD,5236602 
 ABOG,DOCTO,5263438 
 ABOG,DMD,5263438 
 ABOG,DMPRO,1103364 
 ABOG,DMPRO,2072510 
 ABOG,DMD,1143248 
 ABOG,DISBT,1143248 
 ABOG,DMD,1018418 
 ABOG,DMPRO,5030906 
 ABOG,DOCTO,1361794 
 ABOG,DMD,1291241 
 ABOG,DMD,1291241 
 ABOG,ILST,1591119 
 ABOG,DMD,1306762 
 ABOG,DOCTO,1306762 
 ABOG,DOCTO,2726050 
 ABOG,DOCTO,2202519 
 ABOG,DMPRO,2172108 
 ABOG,DMPRO,2185398 
 ABOG,DOCTO,1141703 
 ABOG,DMD,2181571 
 ABOG,DMD,2143398 
 ABOG,DMD,2143398 
 ABOG,ILST,5313998 
 ABOG,DMPRO,2125815 
 ABOG,DMPRO,1185284 
 ABOG,DOCTO,2196206 
 ABOG,DMD,2194601 
 ABOG,DMPRO,5220289 
 ABOG,DOPRO,5220289 
 ABOG,DOPRO,5220289 
 ABOG,DMPRO,1055855 
 ABOG,DMPRO,2030981 
 ABOG,DMD,335790 
 ABOG,DOCTO,2722960 
 ABOG,DMPRO,2048502 
 ABOG,LOST,5206508 
 ABOG,LOST,5206508 
 ABOG,LOST,5206508 
 ABOG,DMD,1045352 
 ABOG,LDD,2155101 
 ABOG,LOST,1271483 
 ABOG,DMD,5354768 
 ABOG,DMD,5354768 
 ABOG,DMPRO,904205 
 ABOG,DMD,1454384 
 ABOG,DOCTO,446610 
 ABOG,DMPRO,419352 
 ABOG,DMD,5014023 
 ABOG,DMD,5391620 
 ABOG,DMD,5082638 
 ABOG,DMD,5082638 
 ABOG,DOCTO,5082638 
 ABOG,DMD,529761 
 ABOG,DMD,529761 
 ABOG,DMD,529761 
 ABOG,DMD,1250832 
 ABOG,PRO,533974 
 ABOG,PRO,1273764 
 ABOG,DOCTO,3246648 
 ABOG,DOCTO,5083364 
 ABOG,DOCTO,5209851 
 ABOG,ILSBT,1172840 
 ABOG,DOCTO,1083872 
 ABOG,DOCTO,1564633 
 ABOG,DOPRO,2177201 
 ABOG,ILCT,186997 
 ABOG,ILCT,364956 
 ABOG,ILCT,403618 
 ABOG,LOCTR,500481 
 ABOG,ILCT,1291392 
 ABOG,ILCT,1355565 
 ABOG,ILCT,2204725 
 ABOG,LOCTR,2283985 
 ABOG,DMPRO,1574966 
 ABOG,DMPRO,1123639 
 ABOG,CFP,5054809 
 ABOG,DMPRO,1015126 
 ABOG,DMPRO,488485 
 ABOG,DMPRO,1301797 
 ABOG,LOCTR,1461361 
 ABOG,LDD,280019 
 ABOG,ILST,2233966 
 ABOG,DOCTO,780759 
 ABOG,DMD,535573 
 ABOG,DMPRO,689793 
 ABOG,DMD,5312709 
 ABOG,DMPRO,5028116 
 ABOG,ILCT,280676 
 ABOG,ILST,510063 
 ABOG,ILST,510063 
 ABOG,ILST,510063 
 ABOG,FORAN,178285 
 ABOG,FORAN,178285 
 ABOG,DOPRO,55718 
 ABOG,DOPRO,55718 
 ABOG,PRO,5007571 
 ABOG,PRO,5007571 
 ABOG,PRO,5007571 
 ABOG,DMPRO,1174918 
 ABOG,PRO,1147463 
 ABOG,DMPRO,1156746 
 ABOG,DOPRO,5318026 
 ABOG,DOPRO,616429 
 ABOG,DMPRO,212662 
 ABOG,DMPRO,212662 
 ABOG,ACP,1442235 
 ABOG,CADES,287728 
 ABOG,DOPRO,2202362 
 ABOG,DOCTO,1233517 
 ABOG,JUBIL,270201 
 ABOG,JUBIL,270201 
 ABOG,DMD,5403996 
 ABOG,DMD,5403996 
 ABOG,DMPRO,1268911 
 ABOG,DMPRO,5024227 
 ABOG,PRO,1566700 
 ABOG,DMPRO,1579955 
 ABOG,CADES,819060 
 ABOG,DOPRO,5298156 
 ABOG,ILST,5304772 
 ABOG,ILST,5304772 
 ABOG,DOPRO,1230306 
 ABOG,DOPRO,1368063 
 ABOG,DOPRO,1368063 
 ABOG,DOPRO,1165109 
 ABOG,DMPRO,5405528 
 ABOG,DMPRO,2029834 
 ABOG,DMPRO,555622 
 ABOG,ACP,737742 
 ABOG,DMPRO,5283486 
 ABOG,DOPRO,1532906 
 ABOG,DOPRO,516279 
 ABOG,DOPRO,516279 
 ABOG,DMPRO,516279 
 ABOG,DOPRO,2122075 
 ABOG,ILST,1468612 
 ABOG,DMPRO,825368 
 ABOG,DMPRO,825368 
 ABOG,DMPRO,825368 
 ABOG,DMPRO,825368 
 ABOG,PRO,1575770 
 ABOG,DMPRO,452356 
 ABOG,CADES,520541 
 ABOG,ILCT,326215 
 ABOG,DOPRO,1306598 
 ABOG,ILST,5274454 
 ABOG,PRO,1258977 
 ABOG,LOCTR,2090095 
 ABOG,PRO,2131376 
 ABOG,DMPRO,3253364 
 ABOG,DOPRO,707358 
 ABOG,DMPRO,5287862 
 ABOG,DMPRO,216107 
 ABOG,ACP,5381674 
 ABOG,DOPRO,1123197 
 ABOG,PRO,709530 
 ABOG,PRO,709530 
 ABOG,DLSBT,628745 
 ABOG,DMPRO,1108687 
 ABOG,DISBT,352279 
 ABOG,DMPRO,1085745 
 ABOG,DMPRO,5030339 
 ABOG,ILST,2039526 
 ABOG,ILST,2039526 
 ABOG,DOPRO,1163666 
 ABOG,LDD,2038234 
 ABOG,DMPRO,5303171 
 ABOG,DMPRO,1585783 
 ABOG,DOPRO,846760 
 ABOG,DOPRO,5318182 
 ABOG,LDD,1016824 
 ABOG,DMPRO,5211649 
 ABOG,DMPRO,5211649 
 ABOG,DMD,2072560 
 ABOG,ILST,5036444 
 ABOG,DOCTO,716889 
 ABOG,ILST,5203596 
 ABOG,DOCTO,709705 
 ABOG,LOCTR,359725 
 ABOG,ILST,2011187 
 ABOG,DMD,992068 
 ABOG,LOCTR,5354439 
 ABOG,DMD,583004 
 ABOG,LOCTR,5237846 
 ABOG,DOCTO,1052482 
 ABOG,DOCTO,1052482 
 ABOG,DMD,1174020 
 ABOG,DMD,1174020 
 ABOG,DMD,765161 
 ABOG,DMPRO,1141180 
 ABOG,DMINB,5352915 
 ABOG,LOCTR,287019 
 ABOG,LOCTR,2206623 
 ABOG,DOCTO,715021 
 ABOG,DOCTO,715021 
 ABOG,ILCT,1029568 
 ABOG,DMD,1146636 
 ABOG,ACP,821320 
 ABOG,ACP,821320 
 ABOG,LOST,419600 
 ABOG,DOCTO,195643 
 ABOG,ILST,2341087 
 ABOG,DOPRO,1233000 
 ABOG,LOST,1303004 
 ABOG,LOCTR,2537872 
 ABOG,PRO,1104833 
 ABOG,LDD,717976 
 ABOG,LOCTR,5379205 
 ABOG,ILCT,2177846 
 ABOG,PRO,3243275 
 ABOG,DMPRO,1040438 
 ABOG,DMPRO,1040438 
 ABOG,ILCT,1467649 
 ABOG,DOCTO,5302409 
 ABOG,ILCT,2044222 
 ABOG,LOCTR,5356683 
 ABOG,CADES,224652 
 ABOG,ILCT,5414384 
 ABOG,ILCT,5414384 
 ABOG,LOCTR,5227419 
 ABOG,DOPRO,1480348 
 ABOG,DMPRO,1480348 
 ABOG,DMPRO,1244452 
 ABOG,DMPRO,1244452 
 ABOG,FORAN,1383682 
 ABOG,CADES,1442463 
 ABOG,LOCTR,2173090 
 ABOG,LOCTR,831436 
 ABOG,DOPRO,1229060 
 ABOG,DOPRO,2080606 
 ABOG,DOPRO,2080606 
 ABOG,CADES,1433997 
 ABOG,DOPRO,1530049 
 ABOG,CADES,729857 
 ABOG,DOCTO,729857 
 ABOG,DOPRO,1414134 
 ABOG,DMD,5295318 
 ABOG,DMPRO,5295318 
 ABOG,CADES,5308979 
 ABOG,CADES,1483404 
 ABOG,DOPRO,5080758 
 ABOG,DMPRO,702238 
 ABOG,LOCTR,480995 
 ABOG,DMD,5294445 
 ABOG,DOPRO,1134645 
 ABOG,DOPRO,1134645 
 ABOG,DISBT,5293277 
 ABOG,DMD,524231 
 ABOG,DMD,1461592 
 ABOG,DISBT,834619 
 ABOG,CADES,1227515 
 ABOG,DMPRO,1184233 
 ABOG,DMPRO,950779 
 ABOG,DMPRO,950779 
 ABOG,DOPRO,950779 
 ABOG,PRO,1210488 
 ABOG,PRO,1029489 
 ABOG,DMPRO,1163341 
 ABOG,DMPRO,5275718 
 ABOG,DOPRO,259746 
 ABOG,CADES,5211122 
 ABOG,DMD,1230605 
 ABOG,CADES,5285761 
 ABOG,DMD,5370893 
 ABOG,LOST,2118314 
 ABOG,DMD,5262160 
 ABOG,DMD,1287935 
 ABOG,DMPRO,5228126 
 ABOG,DMPRO,2233303 
 ABOG,DMD,5374412 
 ABOG,DMPRO,5390485 
 ABOG,DMPRO,1412796 
 ABOG,DMPRO,1412796 
 ABOG,DOPRO,5324077 
 ABOG,DMPRO,5324077 
 ABOG,DMPRO,1213252 
 ABOG,DMPRO,887416 
 ABOG,DOCTO,375839 
 ABOG,CFP,5054809 
 ABOG,DOPRO,5014498 
 ABOG,PRO,382416 
 ABOG,DMPRO,721583 
 ABOG,ILST,616991 
 ABOG,ILCT,280676 
 ABOG,DOCTO,5223271 
 ABOG,ILST,510063 
 ABOG,FORAN,178285 
 ABOG,ILCT,298742 
 ABOG,DOPRO,5298156 
 ABOG,ACP,737742 
 ABOG,FORAN,715661 
 ABOG,DOPRO,1024586 
 ABOG,DOPRO,2200355 
 ABOG,PRO,709530 
 ABOG,DOPRO,1163666 
 ABOG,DMPRO,5303171 
 ABOG,DOPRO,829954 
 ABOG,DOPRO,765161 
 ABOG,DOPRO,1414134 
 ABOG,DOPRO,572058 
 ABOG,DOPRO,950779 
 ABOG,PRO,1298323 
 ABOG,DMD,1062737 
 ABOG,DMD,816717 
 ABOG,DMPRO,2091820 
 ABOG,DMD,1389794 
 ABOG,DMD,5072587 
 ABOG,DMD,5393680 
 ABOG,DMD,1292545 
 ABOG,DMD,1292545 
 ABOG,DISBT,1497325 
 ABOG,DMD,203437 
 ABOG,DMD,1383311 
 ABOG,DOCTO,807403 
 ABOG,DMD,471779 
 ABOG,DISBT,1250236 
 ABOG,DMD,2244269 
 ABOG,DMD,2244269 
 ABOG,DMD,1112043 
 ABOG,LOCTR,1241911 
 ABOG,DMD,703741 
 ABOG,DMD,703741 
 ABOG,DMD,2033706 
 ABOG,DMD,5294132 
 ABOG,DOCTO,1053228 
 ABOG,DMD,2208698 
 ABOG,DMD,1269416 
 ABOG,DMD,400897 
 ABOG,DMD,400897 
 ABOG,ILCT,199231 
 ABOG,DMD,1360235 
 ABOG,DMD,816717 
 ABOG,DMD,424510 
 ABOG,DMD,2227802 
 ABOG,DMD,2227802 
 ABOG,DMD,1283474 
 ABOG,DMD,1283474 
 ABOG,DMD,2084329 
 ABOG,DMINB,1028333 
 ABOG,DMD,1028333 
 ABOG,DMD,2030496 
 ABOG,DOCTO,1361996 
 ABOG,DMD,2059737 
 ABOG,ILCT,1202346 
 ABOG,DMD,673840 
 ABOG,ILCT,269944 
 ABOG,DMD,1561095 
 ABOG,DMD,1187493 
 ABOG,DMD,5042524 
 ABOG,DMD,5042524 
 ABOG,DMD,1273903 
 ABOG,DMD,2142211 
 ABOG,DMD,2152552 
 ABOG,DMD,1367722 
 ABOG,LOCTR,1013384 
 ABOG,DMD,496392 
 ABOG,DMPRO,746997 
 ABOG,DOPRO,746997 
 ABOG,SDPDM,123672 
 ABOG,ILCT,2012679 
 ABOG,ILCT,2048914 
 ABOG,DMPRO,819954 
 ABOG,DMPRO,819954 
 ABOG,ILCT,1309476 
 ABOG,DOCTO,3232312 
 ABOG,DMD,5383260 
 ABOG,DOCTO,271225 
 ABOG,ILCT,2077021 
 ABOG,ILCT,1398428 
 ABOG,JUBIL,1455397 
 ABOG,DOCTO,5347315 
 ABOG,ILCT,5318505 
 ABOG,DOCTO,2093129 
 ABOG,ILCT,511474 
 ABOG,ILCT,5234099 
 ABOG,LOCTR,2270872 
 ABOG,DOCTO,1147090 
 ABOG,ILCT,938524 
 ABOG,DOCTO,905992 
 ABOG,DOCTO,5281525 
 ABOG,DMD,1389794 
 ABOG,DOCTO,672184 
 ABOG,DMCFP,1465343 
 ABOG,ILCT,828766 
 ABOG,DOCTO,2325059 
 ABOG,ILCT,2183025 
 ABOG,DMD,2085856 
 ABOG,DMD,2085856 
 ABOG,DMD,1186945 
 ABOG,DMPRO,1028868 
 ABOG,ILCT,5378150 
 ABOG,DOCTO,1442720 
 ABOG,DOCTO,244489 
 ABOG,DMD,5220958 
 ABOG,DMPRO,991992 
 ABOG,ILCT,1260236 
 ABOG,DOCTO,1238526 
 ABOG,DMPRO,2093173 
 ABOG,DMD,1473973 
 ABOG,DOCTO,995582 
 ABOG,ILCT,708187 
 ABOG,DOCTO,1219570 
 ABOG,DOCTO,5378575 
 ABOG,DOCTO,535589 
 ABOG,DOCTO,2157096 
 ABOG,ILCT,1302842 
 ABOG,DISBT,5401081 
 ABOG,DMD,1228295 
 ABOG,DOCTO,974080 
 ABOG,DOCTO,974080 
 ABOG,DOCTO,2113163 
 ABOG,DOCTO,2064538 
 ABOG,DOCTO,1306052 
 ABOG,DMPRO,1217268 
 ABOG,DOCTO,1194785 
 ABOG,DMD,1266483 
 ABOG,DMD,1266483 
 ABOG,LOCTR,5294913 
 ABOG,DOCTO,5374545 
 ABOG,DMPRO,5291962 
 ABOG,LOCTR,1179394 
 ABOG,LDD,623064 
 ABOG,LOCTR,229486 
